Nome Matrice,M,N,Tempo Medio (s),GFLOPS CSR Seriale
cage4.mtx,9,9,0.000000,0.746011
Cube_Coup_dt0.mtx,2164760,2164760,0.173443,1.512129
amazon0302.mtx,262111,262111,0.002946,0.843855
